{
  "model": "gpt-realtime-2.1",
  "condition": "normalized",
  "layout": "A",
  "imageDims": {
    "W": 2048,
    "H": 1152
  },
  "timestamp": "2026-07-12T20:25:12.637Z",
  "records": [
    {
      "id": "save",
      "ask": "the SAVE button",
      "zone": "corner",
      "gt": {
        "x": 180,
        "y": 96
      },
      "w": 130,
      "h": 48,
      "pred": {
        "x": 194.56,
        "y": 80.64000000000001
      },
      "rawArgs": {
        "x": 95,
        "y": 70,
        "label": "SAVE button",
        "screen": 0
      },
      "errX": 14.560000000000002,
      "errY": -15.359999999999985,
      "err": 21.164196181286915,
      "hit": true,
      "latencyMs": 1496,
      "extraCalls": 0,
      "modelText": "",
      "status": "completed",
      "totalMs": 1499
    },
    {
      "id": "open",
      "ask": "the OPEN button",
      "zone": "corner",
      "gt": {
        "x": 1900,
        "y": 110
      },
      "w": 130,
      "h": 48,
      "pred": {
        "x": 1904.64,
        "y": 86.39999999999999
      },
      "rawArgs": {
        "x": 930,
        "y": 75,
        "label": "OPEN button",
        "screen": 0
      },
      "errX": 4.6400000000001,
      "errY": -23.60000000000001,
      "err": 24.051810742644747,
      "hit": true,
      "latencyMs": 724,
      "extraCalls": 0,
      "modelText": "",
      "status": "completed",
      "totalMs": 728
    },
    {
      "id": "help",
      "ask": "the HELP button",
      "zone": "corner",
      "gt": {
        "x": 150,
        "y": 1050
      },
      "w": 130,
      "h": 48,
      "pred": {
        "x": 163.84,
        "y": 1054.08
      },
      "rawArgs": {
        "x": 80,
        "y": 915,
        "label": "HELP button",
        "screen": 0
      },
      "errX": 13.840000000000003,
      "errY": 4.079999999999927,
      "err": 14.42885996882635,
      "hit": true,
      "latencyMs": 699,
      "extraCalls": 0,
      "modelText": "",
      "status": "completed",
      "totalMs": 704
    },
    {
      "id": "exit",
      "ask": "the EXIT button",
      "zone": "corner",
      "gt": {
        "x": 1890,
        "y": 1040
      },
      "w": 130,
      "h": 48,
      "pred": {
        "x": 1904.64,
        "y": 1048.32
      },
      "rawArgs": {
        "x": 930,
        "y": 910,
        "label": "EXIT button",
        "screen": 0
      },
      "errX": 14.6400000000001,
      "errY": 8.319999999999936,
      "err": 16.839002345744888,
      "hit": true,
      "latencyMs": 752,
      "extraCalls": 0,
      "modelText": "",
      "status": "completed",
      "totalMs": 756
    },
    {
      "id": "start",
      "ask": "the START button",
      "zone": "center",
      "gt": {
        "x": 1010,
        "y": 590
      },
      "w": 150,
      "h": 52,
      "pred": {
        "x": 1146.88,
        "y": 512.64
      },
      "rawArgs": {
        "x": 560,
        "y": 445,
        "label": "START button",
        "screen": 0
      },
      "errX": 136.8800000000001,
      "errY": -77.36000000000001,
      "err": 157.2281908564747,
      "hit": false,
      "latencyMs": 773,
      "extraCalls": 0,
      "modelText": "",
      "status": "completed",
      "totalMs": 776
    },
    {
      "id": "cart",
      "ask": "the CART button",
      "zone": "edge",
      "gt": {
        "x": 1024,
        "y": 70
      },
      "w": 130,
      "h": 46,
      "pred": {
        "x": 1126.4,
        "y": 80.64000000000001
      },
      "rawArgs": {
        "x": 550,
        "y": 70,
        "label": "CART button",
        "screen": 0
      },
      "errX": 102.40000000000009,
      "errY": 10.640000000000015,
      "err": 102.95129722349311,
      "hit": false,
      "latencyMs": 814,
      "extraCalls": 0,
      "modelText": "",
      "status": "completed",
      "totalMs": 817
    },
    {
      "id": "send",
      "ask": "the SEND button",
      "zone": "edge",
      "gt": {
        "x": 1966,
        "y": 620
      },
      "w": 120,
      "h": 46,
      "pred": {
        "x": 1955.84,
        "y": 576
      },
      "rawArgs": {
        "x": 955,
        "y": 500,
        "label": "SEND button",
        "screen": 0
      },
      "errX": -10.160000000000082,
      "errY": -44,
      "err": 45.157785596727415,
      "hit": false,
      "latencyMs": 903,
      "extraCalls": 0,
      "modelText": "",
      "status": "completed",
      "totalMs": 907
    },
    {
      "id": "copy",
      "ask": "the COPY button",
      "zone": "cluster",
      "gt": {
        "x": 620,
        "y": 820
      },
      "w": 128,
      "h": 46,
      "pred": {
        "x": 819.2,
        "y": 748.8000000000001
      },
      "rawArgs": {
        "x": 400,
        "y": 650,
        "label": "COPY button",
        "screen": 0
      },
      "errX": 199.20000000000005,
      "errY": -71.19999999999993,
      "err": 211.542147100761,
      "hit": false,
      "latencyMs": 1367,
      "extraCalls": 0,
      "modelText": "",
      "status": "completed",
      "totalMs": 1371
    },
    {
      "id": "paste",
      "ask": "the PASTE button",
      "zone": "cluster",
      "gt": {
        "x": 770,
        "y": 820
      },
      "w": 128,
      "h": 46,
      "pred": {
        "x": 1024,
        "y": 748.8000000000001
      },
      "rawArgs": {
        "x": 500,
        "y": 650,
        "label": "PASTE button",
        "screen": 0
      },
      "errX": 254,
      "errY": -71.19999999999993,
      "err": 263.79052295334645,
      "hit": false,
      "latencyMs": 947,
      "extraCalls": 0,
      "modelText": "",
      "status": "completed",
      "totalMs": 953
    },
    {
      "id": "cut",
      "ask": "the CUT button",
      "zone": "cluster",
      "gt": {
        "x": 920,
        "y": 820
      },
      "w": 128,
      "h": 46,
      "pred": {
        "x": 1228.8,
        "y": 748.8000000000001
      },
      "rawArgs": {
        "x": 600,
        "y": 650,
        "label": "CUT button",
        "screen": 0
      },
      "errX": 308.79999999999995,
      "errY": -71.19999999999993,
      "err": 316.9020037803484,
      "hit": false,
      "latencyMs": 964,
      "extraCalls": 0,
      "modelText": "",
      "status": "completed",
      "totalMs": 969
    },
    {
      "id": "dot",
      "ask": "the small red dot",
      "zone": "icon",
      "gt": {
        "x": 1500,
        "y": 350
      },
      "w": 24,
      "h": 24,
      "pred": {
        "x": 1331.2,
        "y": 328.32
      },
      "rawArgs": {
        "x": 650,
        "y": 285,
        "label": "small red dot",
        "screen": 0
      },
      "errX": -168.79999999999995,
      "errY": -21.680000000000007,
      "err": 170.18655176011995,
      "hit": false,
      "latencyMs": 1029,
      "extraCalls": 0,
      "modelText": "",
      "status": "completed",
      "totalMs": 1034
    },
    {
      "id": "square",
      "ask": "the small blue square",
      "zone": "icon",
      "gt": {
        "x": 420,
        "y": 480
      },
      "w": 16,
      "h": 16,
      "pred": {
        "x": 491.52,
        "y": 472.32
      },
      "rawArgs": {
        "x": 240,
        "y": 410,
        "label": "small blue square",
        "screen": 0
      },
      "errX": 71.51999999999998,
      "errY": -7.680000000000007,
      "err": 71.93116709744112,
      "hit": false,
      "latencyMs": 1046,
      "extraCalls": 0,
      "modelText": "",
      "status": "completed",
      "totalMs": 1056
    }
  ],
  "usage": [
    {
      "total_tokens": 1055,
      "input_tokens": 972,
      "output_tokens": 83,
      "input_token_details": {
        "text_tokens": 649,
        "audio_tokens": 0,
        "image_tokens": 323,
        "cached_tokens": 128,
        "cached_tokens_details": {
          "text_tokens": 128,
          "audio_tokens": 0,
          "image_tokens": 0
        }
      },
      "output_token_details": {
        "text_tokens": 83,
        "audio_tokens": 0,
        "reasoning_tokens": 52
      }
    },
    {
      "total_tokens": 1469,